No.;Time;;time 1;time 2;Delay;;Delay1;Delay2;jitter;;;;;;;;;;;;;;;Source;Destination;Protocol;Length;Info;;;
1;0;;0;0,001157;0,001157;;2090405,998;2090405,999;0,001157;;;;;;;;;;;;fe80::7962:bd7e:4086:296;fe80::1;ICMPv6;86;Neighbor Solicitation for fe80::1 from f8:94:c2:4e:37:0c;;;;;;
2;0,001157;;0,001157;2.090.406;2090405,999;;-2041720,999;48685;2090405,999;;;;;;;;;;;;fe80::1;fe80::7962:bd7e:4086:296;ICMPv6;78;Neighbor Advertisement fe80::1 (rtr, sol);;;;;;
3;2.090.406;;2.090.406;2.139.091;48685;;1752685;1.801.370;48685;;;;;;;;;;;;192.168.1.16;172.217.194.93;UDP;75;55698  >  443 Len=33;;;;;;
4;2.139.091;;2.139.091;3.940.461;1801370;;-1770155;31.215;1801370;;;;;;;;;;;;172.217.194.93;192.168.1.16;UDP;67;443  >  55698 Len=25;;;;;;
5;3.940.461;;3.940.461;3.971.676;31215;;-30760;455;31215;;;;;;;;;;;;192.168.1.16;172.217.194.93;UDP;1064;55698  >  443 Len=1022;;;;;;
6;3.971.676;;3.971.676;3.972.131;455;;239;694;455;;;;;;;;;;;;172.217.194.93;192.168.1.16;UDP;466;443  >  55698 Len=424;;;;;;
7;3.972.131;;3.972.131;3.972.825;694;;6491;7.185;694;;;;;;;;;;;;172.217.194.93;192.168.1.16;UDP;221;443  >  55698 Len=179;;;;;;
8;3.972.825;;3.972.825;3.980.010;7185;;5035;12.220;7185;;;;;;;;;;;;192.168.1.16;172.217.194.93;UDP;75;55698  >  443 Len=33;;;;;;
9;3.980.010;;3.980.010;3.992.230;12220;;-7066;5.154;12220;;;;;;;;;;;;fe80::7962:bd7e:4086:296;fe80::1;DNS;100;Standard query 0xb150 A beacons.gcp.gvt2.com;;;;;;
10;3.992.230;;3.992.230;3.997.384;5154;;19510;24.664;5154;;;;;;;;;;;;;;;fe80::1;fe80::7962:bd7e:4086:296;DNS;401;Standard query response 0xb150 A beacons.gcp.gvt2.com CNAME beacons-handoff.gcp.gvt2.com A 172.217.194.94 NS ns2.google.com NS ns4.google.com NS ns3.google.com NS ns1.google.com A 216.239.34.10 A 216.239.32.10 A 216.239.36.10 A 216.239.38.10 AAAA 2001:4860:4802:34::a AAAA 2001:4860:4802:32::a AAAA 2001:4860:4802:36::a AAAA 2001:4860:4802:38::a;;;
11;3.997.384;;3.997.384;4.022.048;24664;;-21410;3.254;24664;;;;;;;;;;;;;;;192.168.1.16;172.217.194.94;UDP;1392;59623  >  443 Len=1350;;;
12;4.022.048;;4.022.048;4.025.302;3254;;-2773;481;3254;;;;;;;;;;;;;;;172.217.194.94;192.168.1.16;UDP;1392;443  >  59623 Len=1350;;;
13;4.025.302;;4.025.302;4.025.783;481;;-164;317;481;;;;;;;;;;;;;;;192.168.1.16;172.217.194.94;UDP;75;59623  >  443 Len=33;;;
14;4.025.783;;4.025.783;4.026.100;317;;23696;24.013;317;;;;;;;;;;;;;;;192.168.1.16;172.217.194.94;UDP;834;59623  >  443 Len=792;;;
15;4.026.100;;4.026.100;4.050.113;24013;;-24013;0;24013;;;;;;;;;;;;;;;192.168.1.16;172.217.194.94;UDP;390;59623  >  443 Len=348;;;
16;4.050.113;;4.050.113;4.050.113;0;;685;685;0;;;;;;;;;;;;;;;172.217.194.94;192.168.1.16;UDP;1081;443  >  59623 Len=1039;;;
17;4.050.113;;4.050.113;4.050.798;685;;-526;159;685;;;;;;;;;;;;;;;172.217.194.94;192.168.1.16;UDP;67;443  >  59623 Len=25;;;
18;4.050.798;;4.050.798;4.050.957;159;;31;190;159;;;;;;;;;;;;;;;192.168.1.16;172.217.194.94;UDP;75;59623  >  443 Len=33;;;
19;4.050.957;;4.050.957;4.051.147;190;;105;295;190;;;;;;;;;;;;;;;172.217.194.94;192.168.1.16;UDP;89;443  >  59623 Len=47;;;
20;4.051.147;;4.051.147;4.051.442;295;;3571149;3.571.444;295;;;;;;;;;;;;;;;172.217.194.94;192.168.1.16;UDP;67;443  >  59623 Len=25;;;
21;4.051.442;;4.051.442;7.622.886;3571444;;-3520911;50.533;3571444;;;;;;;;;;;;;;;192.168.1.16;172.217.194.94;UDP;75;59623  >  443 Len=33;;;
22;7.622.886;;7.622.886;7.673.419;50533;;131434;181.967;50533;;;;;;;;;;;;;;;192.168.1.16;172.217.194.93;UDP;1092;55698  >  443 Len=1050;;;
23;7.673.419;;7.673.419;7.855.386;181967;;-181967;0;181967;;;;;;;;;;;;;;;172.217.194.93;192.168.1.16;UDP;67;443  >  55698 Len=25;;;
24;7.855.386;;7.855.386;7.855.386;0;;2565;2.565;0;;;;;;;;;;;;;;;172.217.194.93;192.168.1.16;UDP;147;443  >  55698 Len=105;;;
25;7.855.386;;7.855.386;7.857.951;2565;;249970;252.535;2565;;;;;;;;;;;;;;;172.217.194.93;192.168.1.16;UDP;67;443  >  55698 Len=25;;;
26;7.857.951;;7.857.951;8.110.486;252535;;-239843;12.692;252535;;;;;;;;;;;;;;;192.168.1.16;172.217.194.93;UDP;75;55698  >  443 Len=33;;;
27;8.110.486;;8.110.486;8.123.178;12692;;-7912;4.780;12692;;;;;;;;;;;;;;;fe80::7962:bd7e:4086:296;fe80::1;DNS;112;Standard query 0x72b6 A r4---sn-npoeeney.googlevideo.com;;;
28;8.123.178;;8.123.178;8.127.958;4780;;-3906;874;4780;;;;;;;;;;;;;;;fe80::1;fe80::7962:bd7e:4086:296;DNS;412;Standard query response 0x72b6 A r4---sn-npoeeney.googlevideo.com CNAME r4.sn-npoeeney.googlevideo.com A 74.125.101.73 NS ns4.google.com NS ns3.google.com NS ns1.google.com NS ns2.google.com A 216.239.34.10 A 216.239.32.10 A 216.239.36.10 A 216.239.38.10 AAAA 2001:4860:4802:34::a AAAA 2001:4860:4802:32::a AAAA 2001:4860:4802:36::a AAAA 2001:4860:4802:38::a;;;
29;8.127.958;;8.127.958;8.128.832;874;;30373;31.247;874;;;;;;;;;;;;;;;192.168.1.16;74.125.101.73;UDP;1392;63885  >  443 Len=1350;;;
30;8.128.832;;8.128.832;8.160.079;31247;;-25020;6.227;31247;;;;;;;;;;;;;;;192.168.1.16;74.125.101.73;UDP;1154;63885  >  443 Len=1112;;;
31;8.160.079;;8.160.079;8.166.306;6227;;-5950;277;6227;;;;;;;;;;;;;;;74.125.101.73;192.168.1.16;UDP;1392;443  >  63885 Len=1350;;;
32;8.166.306;;8.166.306;8.166.583;277;;24965;25.242;277;;;;;;;;;;;;;;;192.168.1.16;74.125.101.73;UDP;1392;63885  >  443 Len=1350;;;
33;8.166.583;;8.166.583;8.191.825;25242;;-25055;187;25242;;;;;;;;;;;;;;;192.168.1.16;74.125.101.73;UDP;1154;63885  >  443 Len=1112;;;
34;8.191.825;;8.191.825;8.192.012;187;;47;234;187;;;;;;;;;;;;;;;74.125.101.73;192.168.1.16;UDP;1392;443  >  63885 Len=1350;;;
35;8.192.012;;8.192.012;8.192.246;234;;-234;0;234;;;;;;;;;;;;;;;74.125.101.73;192.168.1.16;UDP;69;443  >  63885 Len=27;;;
36;8.192.246;;8.192.246;8.192.246;0;;947;947;0;;;;;;;;;;;;;;;74.125.101.73;192.168.1.16;UDP;797;443  >  63885 Len=755;;;
37;8.192.246;;8.192.246;8.193.193;947;;-413;534;947;;;;;;;;;;;;;;;74.125.101.73;192.168.1.16;UDP;1392;443  >  63885 Len=1350;;;
38;8.193.193;;8.193.193;8.193.727;534;;237;771;534;;;;;;;;;;;;;;;192.168.1.16;74.125.101.73;UDP;75;63885  >  443 Len=33;;;
39;8.193.727;;8.193.727;8.194.498;771;;-771;0;771;;;;;;;;;;;;;;;192.168.1.16;74.125.101.73;UDP;75;63885  >  443 Len=33;;;
40;8.194.498;;8.194.498;8.194.498;0;;0;0;0;;;;;;;;;;;;;;;74.125.101.73;192.168.1.16;UDP;1392;443  >  63885 Len=1350;;;
41;8.194.498;;8.194.498;8.194.498;0;;0;0;0;;;;;;;;;;;;;;;74.125.101.73;192.168.1.16;UDP;1392;443  >  63885 Len=1350;;;
42;8.194.498;;8.194.498;8.194.498;0;;0;0;0;;;;;;;;;;;;;;;74.125.101.73;192.168.1.16;UDP;1392;443  >  63885 Len=1350;;;
43;8.194.498;;8.194.498;8.194.498;0;;0;0;0;;;;;;;;;;;;;;;74.125.101.73;192.168.1.16;UDP;1392;443  >  63885 Len=1350;;;
44;8.194.498;;8.194.498;8.194.498;0;;0;0;0;;;;;;;;;;;;;;;74.125.101.73;192.168.1.16;UDP;1392;443  >  63885 Len=1350;;;
45;8.194.498;;8.194.498;8.194.498;0;;0;0;0;;;;;;;;;;;;;;;74.125.101.73;192.168.1.16;UDP;1392;443  >  63885 Len=1350;;;
46;8.194.498;;8.194.498;8.194.498;0;;0;0;0;;;;;;;;;;;;;;;74.125.101.73;192.168.1.16;UDP;1392;443  >  63885 Len=1350;;;
47;8.194.498;;8.194.498;8.194.498;0;;0;0;0;;;;;;;;;;;;;;;74.125.101.73;192.168.1.16;UDP;1392;443  >  63885 Len=1350;;;
48;8.194.498;;8.194.498;8.194.498;0;;492;492;0;;;;;;;;;;;;;;;74.125.101.73;192.168.1.16;UDP;1392;443  >  63885 Len=1350;;;
49;8.194.498;;8.194.498;8.194.990;492;;-492;0;492;;;;;;;;;;;;;;;74.125.101.73;192.168.1.16;UDP;1392;443  >  63885 Len=1350;;;
50;8.194.990;;8.194.990;8.194.990;0;;0;0;0;;;;;;;;;;;;;;;74.125.101.73;192.168.1.16;UDP;1392;443  >  63885 Len=1350;;;
51;8.194.990;;8.194.990;8.194.990;0;;476;476;0;;;;;;;;;;;;;;;74.125.101.73;192.168.1.16;UDP;1392;443  >  63885 Len=1350;;;
52;8.194.990;;8.194.990;8.195.466;476;;-242;234;476;;;;;;;;;;;;;;;74.125.101.73;192.168.1.16;UDP;1392;443  >  63885 Len=1350;;;
53;8.195.466;;8.195.466;8.195.700;234;;-106;128;234;;;;;;;;;;;;;;;192.168.1.16;74.125.101.73;UDP;75;63885  >  443 Len=33;;;
54;8.195.700;;8.195.700;8.195.828;128;;-2;126;128;;;;;;;;;;;;;;;192.168.1.16;74.125.101.73;UDP;77;63885  >  443 Len=35;;;
55;8.195.828;;8.195.828;8.195.954;126;;36;162;126;;;;;;;;;;;;;;;192.168.1.16;74.125.101.73;UDP;77;63885  >  443 Len=35;;;
56;8.195.954;;8.195.954;8.196.116;162;;-30;132;162;;;;;;;;;;;;;;;192.168.1.16;74.125.101.73;UDP;77;63885  >  443 Len=35;;;
57;8.196.116;;8.196.116;8.196.248;132;;109;241;132;;;;;;;;;;;;;;;192.168.1.16;74.125.101.73;UDP;77;63885  >  443 Len=35;;;
58;8.196.248;;8.196.248;8.196.489;241;;-16;225;241;;;;;;;;;;;;;;;192.168.1.16;74.125.101.73;UDP;77;63885  >  443 Len=35;;;
59;8.196.489;;8.196.489;8.196.714;225;;908;1.133;225;;;;;;;;;;;;;;;192.168.1.16;74.125.101.73;UDP;77;63885  >  443 Len=35;;;
60;8.196.714;;8.196.714;8.197.847;1133;;-560;573;1133;;;;;;;;;;;;;;;192.168.1.16;74.125.101.73;UDP;75;63885  >  443 Len=33;;;
61;8.197.847;;8.197.847;8.198.420;573;;-573;0;573;;;;;;;;;;;;;;;192.168.1.16;74.125.101.73;UDP;75;63885  >  443 Len=33;;;
62;8.198.420;;8.198.420;8.198.420;0;;0;0;0;;;;;;;;;;;;;;;74.125.101.73;192.168.1.16;UDP;1392;443  >  63885 Len=1350;;;
63;8.198.420;;8.198.420;8.198.420;0;;0;0;0;;;;;;;;;;;;;;;74.125.101.73;192.168.1.16;UDP;1392;443  >  63885 Len=1350;;;
64;8.198.420;;8.198.420;8.198.420;0;;0;0;0;;;;;;;;;;;;;;;74.125.101.73;192.168.1.16;UDP;1392;443  >  63885 Len=1350;;;
65;8.198.420;;8.198.420;8.198.420;0;;0;0;0;;;;;;;;;;;;;;;74.125.101.73;192.168.1.16;UDP;1392;443  >  63885 Len=1350;;;
66;8.198.420;;8.198.420;8.198.420;0;;2110;2.110;0;;;;;;;;;;;;;;;74.125.101.73;192.168.1.16;UDP;1392;443  >  63885 Len=1350;;;
67;8.198.420;;8.198.420;8.200.530;2110;;-2110;0;2110;;;;;;;;;;;;;;;74.125.101.73;192.168.1.16;UDP;1392;443  >  63885 Len=1350;;;
68;8.200.530;;8.200.530;8.200.530;0;;0;0;0;;;;;;;;;;;;;;;74.125.101.73;192.168.1.16;UDP;1392;443  >  63885 Len=1350;;;
69;8.200.530;;8.200.530;8.200.530;0;;0;0;0;;;;;;;;;;;;;;;74.125.101.73;192.168.1.16;UDP;1392;443  >  63885 Len=1350;;;
70;8.200.530;;8.200.530;8.200.530;0;;0;0;0;;;;;;;;;;;;;;;74.125.101.73;192.168.1.16;UDP;1392;443  >  63885 Len=1350;;;
71;8.200.530;;8.200.530;8.200.530;0;;0;0;0;;;;;;;;;;;;;;;74.125.101.73;192.168.1.16;UDP;1392;443  >  63885 Len=1350;;;
72;8.200.530;;8.200.530;8.200.530;0;;0;0;0;;;;;;;;;;;;;;;74.125.101.73;192.168.1.16;UDP;1392;443  >  63885 Len=1350;;;
73;8.200.530;;8.200.530;8.200.530;0;;0;0;0;;;;;;;;;;;;;;;74.125.101.73;192.168.1.16;UDP;1392;443  >  63885 Len=1350;;;
74;8.200.530;;8.200.530;8.200.530;0;;1156;1.156;0;;;;;;;;;;;;;;;74.125.101.73;192.168.1.16;UDP;1392;443  >  63885 Len=1350;;;
75;8.200.530;;8.200.530;8.201.686;1156;;-1156;0;1156;;;;;;;;;;;;;;;74.125.101.73;192.168.1.16;UDP;1392;443  >  63885 Len=1350;;;
76;8.201.686;;8.201.686;8.201.686;0;;0;0;0;;;;;;;;;;;;;;;74.125.101.73;192.168.1.16;UDP;1392;443  >  63885 Len=1350;;;
77;8.201.686;;8.201.686;8.201.686;0;;0;0;0;;;;;;;;;;;;;;;74.125.101.73;192.168.1.16;UDP;1392;443  >  63885 Len=1350;;;
78;8.201.686;;8.201.686;8.201.686;0;;3743;3.743;0;;;;;;;;;;;;;;;74.125.101.73;192.168.1.16;UDP;1392;443  >  63885 Len=1350;;;
79;8.201.686;;8.201.686;8.205.429;3743;;-3495;248;3743;;;;;;;;;;;;;;;74.125.101.73;192.168.1.16;UDP;1392;443  >  63885 Len=1350;;;
80;8.205.429;;8.205.429;8.205.677;248;;-118;130;248;;;;;;;;;;;;;;;192.168.1.16;74.125.101.73;UDP;77;63885  >  443 Len=35;;;
81;8.205.677;;8.205.677;8.205.807;130;;-4;126;130;;;;;;;;;;;;;;;192.168.1.16;74.125.101.73;UDP;77;63885  >  443 Len=35;;;
82;8.205.807;;8.205.807;8.205.933;126;;-4;122;126;;;;;;;;;;;;;;;192.168.1.16;74.125.101.73;UDP;75;63885  >  443 Len=33;;;
83;8.205.933;;8.205.933;8.206.055;122;;19;141;122;;;;;;;;;;;;;;;192.168.1.16;74.125.101.73;UDP;77;63885  >  443 Len=35;;;
84;8.206.055;;8.206.055;8.206.196;141;;-1;140;141;;;;;;;;;;;;;;;192.168.1.16;74.125.101.73;UDP;75;63885  >  443 Len=33;;;
85;8.206.196;;8.206.196;8.206.336;140;;1655;1.795;140;;;;;;;;;;;;;;;192.168.1.16;74.125.101.73;UDP;75;63885  >  443 Len=33;;;
86;8.206.336;;8.206.336;8.208.131;1795;;-1504;291;1795;;;;;;;;;;;;;;;192.168.1.16;74.125.101.73;UDP;77;63885  >  443 Len=35;;;
87;8.208.131;;8.208.131;8.208.422;291;;-118;173;291;;;;;;;;;;;;;;;192.168.1.16;74.125.101.73;UDP;75;63885  >  443 Len=33;;;
88;8.208.422;;8.208.422;8.208.595;173;;-14;159;173;;;;;;;;;;;;;;;192.168.1.16;74.125.101.73;UDP;87;63885  >  443 Len=45;;;
89;8.208.595;;8.208.595;8.208.754;159;;22;181;159;;;;;;;;;;;;;;;192.168.1.16;74.125.101.73;UDP;75;63885  >  443 Len=33;;;
90;8.208.754;;8.208.754;8.208.935;181;;-28;153;181;;;;;;;;;;;;;;;192.168.1.16;74.125.101.73;UDP;77;63885  >  443 Len=35;;;
91;8.208.935;;8.208.935;8.209.088;153;;-18;135;153;;;;;;;;;;;;;;;192.168.1.16;74.125.101.73;UDP;79;63885  >  443 Len=37;;;
92;8.209.088;;8.209.088;8.209.223;135;;288;423;135;;;;;;;;;;;;;;;192.168.1.16;74.125.101.73;UDP;77;63885  >  443 Len=35;;;
93;8.209.223;;8.209.223;8.209.646;423;;-423;0;423;;;;;;;;;;;;;;;192.168.1.16;74.125.101.73;UDP;75;63885  >  443 Len=33;;;
94;8.209.646;;8.209.646;8.209.646;0;;1369;1.369;0;;;;;;;;;;;;;;;74.125.101.73;192.168.1.16;UDP;1392;443  >  63885 Len=1350;;;
95;8.209.646;;8.209.646;8.211.015;1369;;18813;20.182;1369;;;;;;;;;;;;;;;74.125.101.73;192.168.1.16;UDP;1392;443  >  63885 Len=1350;;;
96;8.211.015;;8.211.015;8.231.197;20182;;-20182;0;20182;;;;;;;;;;;;;;;192.168.1.16;74.125.101.73;UDP;75;63885  >  443 Len=33;;;
97;8.231.197;;8.231.197;8.231.197;0;;0;0;0;;;;;;;;;;;;;;;74.125.101.73;192.168.1.16;UDP;1392;443  >  63885 Len=1350;;;
98;8.231.197;;8.231.197;8.231.197;0;;0;0;0;;;;;;;;;;;;;;;74.125.101.73;192.168.1.16;UDP;1392;443  >  63885 Len=1350;;;
99;8.231.197;;8.231.197;8.231.197;0;;0;0;0;;;;;;;;;;;;;;;74.125.101.73;192.168.1.16;UDP;1392;443  >  63885 Len=1350;;;
100;8.231.197;;8.231.197;8.231.197;0;;0;0;0;;;;;;;;;;;;;;;74.125.101.73;192.168.1.16;UDP;1392;443  >  63885 Len=1350;;;
101;8.231.197;;8.231.197;8.231.197;0;;0;0;0;;;;;;;;;;;;;;;74.125.101.73;192.168.1.16;UDP;1392;443  >  63885 Len=1350;;;
102;8.231.197;;8.231.197;8.231.197;0;;0;0;0;;;;;;;;;;;;;;;74.125.101.73;192.168.1.16;UDP;1392;443  >  63885 Len=1350;;;
103;8.231.197;;8.231.197;8.231.197;0;;0;0;0;;;;;;;;;;;;;;;74.125.101.73;192.168.1.16;UDP;1392;443  >  63885 Len=1350;;;
104;8.231.197;;8.231.197;8.231.197;0;;0;0;0;;;;;;;;;;;;;;;74.125.101.73;192.168.1.16;UDP;1392;443  >  63885 Len=1350;;;
105;8.231.197;;8.231.197;8.231.197;0;;0;0;0;;;;;;;;;;;;;;;74.125.101.73;192.168.1.16;UDP;1392;443  >  63885 Len=1350;;;
106;8.231.197;;8.231.197;8.231.197;0;;0;0;0;;;;;;;;;;;;;;;74.125.101.73;192.168.1.16;UDP;1392;443  >  63885 Len=1350;;;
107;8.231.197;;8.231.197;8.231.197;0;;0;0;0;;;;;;;;;;;;;;;74.125.101.73;192.168.1.16;UDP;1392;443  >  63885 Len=1350;;;
108;8.231.197;;8.231.197;8.231.197;0;;0;0;0;;;;;;;;;;;;;;;74.125.101.73;192.168.1.16;UDP;1392;443  >  63885 Len=1350;;;
109;8.231.197;;8.231.197;8.231.197;0;;0;0;0;;;;;;;;;;;;;;;74.125.101.73;192.168.1.16;UDP;1392;443  >  63885 Len=1350;;;
110;8.231.197;;8.231.197;8.231.197;0;;0;0;0;;;;;;;;;;;;;;;74.125.101.73;192.168.1.16;UDP;1392;443  >  63885 Len=1350;;;
111;8.231.197;;8.231.197;8.231.197;0;;0;0;0;;;;;;;;;;;;;;;74.125.101.73;192.168.1.16;UDP;1392;443  >  63885 Len=1350;;;
112;8.231.197;;8.231.197;8.231.197;0;;0;0;0;;;;;;;;;;;;;;;74.125.101.73;192.168.1.16;UDP;1392;443  >  63885 Len=1350;;;
113;8.231.197;;8.231.197;8.231.197;0;;0;0;0;;;;;;;;;;;;;;;74.125.101.73;192.168.1.16;UDP;1392;443  >  63885 Len=1350;;;
114;8.231.197;;8.231.197;8.231.197;0;;0;0;0;;;;;;;;;;;;;;;74.125.101.73;192.168.1.16;UDP;1392;443  >  63885 Len=1350;;;
115;8.231.197;;8.231.197;8.231.197;0;;0;0;0;;;;;;;;;;;;;;;74.125.101.73;192.168.1.16;UDP;1392;443  >  63885 Len=1350;;;
116;8.231.197;;8.231.197;8.231.197;0;;0;0;0;;;;;;;;;;;;;;;74.125.101.73;192.168.1.16;UDP;1392;443  >  63885 Len=1350;;;
117;8.231.197;;8.231.197;8.231.197;0;;0;0;0;;;;;;;;;;;;;;;74.125.101.73;192.168.1.16;UDP;1392;443  >  63885 Len=1350;;;
118;8.231.197;;8.231.197;8.231.197;0;;0;0;0;;;;;;;;;;;;;;;74.125.101.73;192.168.1.16;UDP;1392;443  >  63885 Len=1350;;;
119;8.231.197;;8.231.197;8.231.197;0;;0;0;0;;;;;;;;;;;;;;;74.125.101.73;192.168.1.16;UDP;1392;443  >  63885 Len=1350;;;
120;8.231.197;;8.231.197;8.231.197;0;;0;0;0;;;;;;;;;;;;;;;74.125.101.73;192.168.1.16;UDP;1392;443  >  63885 Len=1350;;;
121;8.231.197;;8.231.197;8.231.197;0;;0;0;0;;;;;;;;;;;;;;;74.125.101.73;192.168.1.16;UDP;1392;443  >  63885 Len=1350;;;
122;8.231.197;;8.231.197;8.231.197;0;;0;0;0;;;;;;;;;;;;;;;74.125.101.73;192.168.1.16;UDP;1392;443  >  63885 Len=1350;;;
123;8.231.197;;8.231.197;8.231.197;0;;0;0;0;;;;;;;;;;;;;;;74.125.101.73;192.168.1.16;UDP;1392;443  >  63885 Len=1350;;;
124;8.231.197;;8.231.197;8.231.197;0;;0;0;0;;;;;;;;;;;;;;;74.125.101.73;192.168.1.16;UDP;1392;443  >  63885 Len=1350;;;
125;8.231.197;;8.231.197;8.231.197;0;;0;0;0;;;;;;;;;;;;;;;74.125.101.73;192.168.1.16;UDP;1392;443  >  63885 Len=1350;;;
126;8.231.197;;8.231.197;8.231.197;0;;0;0;0;;;;;;;;;;;;;;;74.125.101.73;192.168.1.16;UDP;1392;443  >  63885 Len=1350;;;
127;8.231.197;;8.231.197;8.231.197;0;;1728;1.728;0;;;;;;;;;;;;;;;74.125.101.73;192.168.1.16;UDP;1392;443  >  63885 Len=1350;;;
128;8.231.197;;8.231.197;8.232.925;1728;;-1450;278;1728;;;;;;;;;;;;;;;74.125.101.73;192.168.1.16;UDP;1392;443  >  63885 Len=1350;;;
129;8.232.925;;8.232.925;8.233.203;278;;-128;150;278;;;;;;;;;;;;;;;192.168.1.16;74.125.101.73;UDP;75;63885  >  443 Len=33;;;
130;8.233.203;;8.233.203;8.233.353;150;;-29;121;150;;;;;;;;;;;;;;;192.168.1.16;74.125.101.73;UDP;75;63885  >  443 Len=33;;;
131;8.233.353;;8.233.353;8.233.474;121;;17;138;121;;;;;;;;;;;;;;;192.168.1.16;74.125.101.73;UDP;77;63885  >  443 Len=35;;;
132;8.233.474;;8.233.474;8.233.612;138;;10;148;138;;;;;;;;;;;;;;;192.168.1.16;74.125.101.73;UDP;79;63885  >  443 Len=37;;;
133;8.233.612;;8.233.612;8.233.760;148;;15;163;148;;;;;;;;;;;;;;;192.168.1.16;74.125.101.73;UDP;77;63885  >  443 Len=35;;;
134;8.233.760;;8.233.760;8.233.923;163;;-16;147;163;;;;;;;;;;;;;;;192.168.1.16;74.125.101.73;UDP;75;63885  >  443 Len=33;;;
135;8.233.923;;8.233.923;8.234.070;147;;-5;142;147;;;;;;;;;;;;;;;192.168.1.16;74.125.101.73;UDP;77;63885  >  443 Len=35;;;
136;8.234.070;;8.234.070;8.234.212;142;;5;147;142;;;;;;;;;;;;;;;192.168.1.16;74.125.101.73;UDP;75;63885  >  443 Len=33;;;
137;8.234.212;;8.234.212;8.234.359;147;;-2;145;147;;;;;;;;;;;;;;;192.168.1.16;74.125.101.73;UDP;77;63885  >  443 Len=35;;;
138;8.234.359;;8.234.359;8.234.504;145;;3;148;145;;;;;;;;;;;;;;;192.168.1.16;74.125.101.73;UDP;79;63885  >  443 Len=37;;;
139;8.234.504;;8.234.504;8.234.652;148;;204;352;148;;;;;;;;;;;;;;;192.168.1.16;74.125.101.73;UDP;77;63885  >  443 Len=35;;;
140;8.234.652;;8.234.652;8.235.004;352;;-128;224;352;;;;;;;;;;;;;;;192.168.1.16;74.125.101.73;UDP;75;63885  >  443 Len=33;;;
141;8.235.004;;8.235.004;8.235.228;224;;-57;167;224;;;;;;;;;;;;;;;192.168.1.16;74.125.101.73;UDP;77;63885  >  443 Len=35;;;
142;8.235.228;;8.235.228;8.235.395;167;;285;452;167;;;;;;;;;;;;;;;192.168.1.16;74.125.101.73;UDP;90;63885  >  443 Len=48;;;
143;8.235.395;;8.235.395;8.235.847;452;;-27;425;452;;;;;;;;;;;;;;;192.168.1.16;74.125.101.73;UDP;75;63885  >  443 Len=33;;;
144;8.235.847;;8.235.847;8.236.272;425;;-211;214;425;;;;;;;;;;;;;;;192.168.1.16;74.125.101.73;UDP;75;63885  >  443 Len=33;;;
145;8.236.272;;8.236.272;8.236.486;214;;143;357;214;;;;;;;;;;;;;;;192.168.1.16;74.125.101.73;UDP;77;63885  >  443 Len=35;;;
146;8.236.486;;8.236.486;8.236.843;357;;190;547;357;;;;;;;;;;;;;;;192.168.1.16;74.125.101.73;UDP;77;63885  >  443 Len=35;;;
147;8.236.843;;8.236.843;8.237.390;547;;595;1.142;547;;;;;;;;;;;;;;;192.168.1.16;74.125.101.73;UDP;77;63885  >  443 Len=35;;;
148;8.237.390;;8.237.390;8.238.532;1142;;-721;421;1142;;;;;;;;;;;;;;;192.168.1.16;74.125.101.73;UDP;77;63885  >  443 Len=35;;;
149;8.238.532;;8.238.532;8.238.953;421;;124;545;421;;;;;;;;;;;;;;;192.168.1.16;74.125.101.73;UDP;75;63885  >  443 Len=33;;;
150;8.238.953;;8.238.953;8.239.498;545;;141;686;545;;;;;;;;;;;;;;;192.168.1.16;74.125.101.73;UDP;77;63885  >  443 Len=35;;;
151;8.239.498;;8.239.498;8.240.184;686;;-126;560;686;;;;;;;;;;;;;;;192.168.1.16;74.125.101.73;UDP;77;63885  >  443 Len=35;;;
152;8.240.184;;8.240.184;8.240.744;560;;-560;0;560;;;;;;;;;;;;;;;192.168.1.16;74.125.101.73;UDP;75;63885  >  443 Len=33;;;
153;8.240.744;;8.240.744;8.240.744;0;;0;0;0;;;;;;;;;;;;;;;74.125.101.73;192.168.1.16;UDP;1392;443  >  63885 Len=1350;;;
154;8.240.744;;8.240.744;8.240.744;0;;0;0;0;;;;;;;;;;;;;;;74.125.101.73;192.168.1.16;UDP;1392;443  >  63885 Len=1350;;;
155;8.240.744;;8.240.744;8.240.744;0;;0;0;0;;;;;;;;;;;;;;;74.125.101.73;192.168.1.16;UDP;1392;443  >  63885 Len=1350;;;
156;8.240.744;;8.240.744;8.240.744;0;;0;0;0;;;;;;;;;;;;;;;74.125.101.73;192.168.1.16;UDP;1392;443  >  63885 Len=1350;;;
157;8.240.744;;8.240.744;8.240.744;0;;0;0;0;;;;;;;;;;;;;;;74.125.101.73;192.168.1.16;UDP;1392;443  >  63885 Len=1350;;;
158;8.240.744;;8.240.744;8.240.744;0;;0;0;0;;;;;;;;;;;;;;;74.125.101.73;192.168.1.16;UDP;1392;443  >  63885 Len=1350;;;
159;8.240.744;;8.240.744;8.240.744;0;;0;0;0;;;;;;;;;;;;;;;74.125.101.73;192.168.1.16;UDP;1392;443  >  63885 Len=1350;;;
160;8.240.744;;8.240.744;8.240.744;0;;0;0;0;;;;;;;;;;;;;;;74.125.101.73;192.168.1.16;UDP;1392;443  >  63885 Len=1350;;;
161;8.240.744;;8.240.744;8.240.744;0;;0;0;0;;;;;;;;;;;;;;;74.125.101.73;192.168.1.16;UDP;1392;443  >  63885 Len=1350;;;
162;8.240.744;;8.240.744;8.240.744;0;;0;0;0;;;;;;;;;;;;;;;74.125.101.73;192.168.1.16;UDP;1392;443  >  63885 Len=1350;;;
163;8.240.744;;8.240.744;8.240.744;0;;0;0;0;;;;;;;;;;;;;;;74.125.101.73;192.168.1.16;UDP;1392;443  >  63885 Len=1350;;;
164;8.240.744;;8.240.744;8.240.744;0;;0;0;0;;;;;;;;;;;;;;;74.125.101.73;192.168.1.16;UDP;1392;443  >  63885 Len=1350;;;
165;8.240.744;;8.240.744;8.240.744;0;;0;0;0;;;;;;;;;;;;;;;74.125.101.73;192.168.1.16;UDP;1392;443  >  63885 Len=1350;;;
166;8.240.744;;8.240.744;8.240.744;0;;0;0;0;;;;;;;;;;;;;;;74.125.101.73;192.168.1.16;UDP;1392;443  >  63885 Len=1350;;;
167;8.240.744;;8.240.744;8.240.744;0;;865;865;0;;;;;;;;;;;;;;;74.125.101.73;192.168.1.16;UDP;387;443  >  63885 Len=345;;;
168;8.240.744;;8.240.744;8.241.609;865;;-312;553;865;;;;;;;;;;;;;;;74.125.101.73;192.168.1.16;UDP;1392;443  >  63885 Len=1350;;;
169;8.241.609;;8.241.609;8.242.162;553;;-103;450;553;;;;;;;;;;;;;;;192.168.1.16;74.125.101.73;UDP;75;63885  >  443 Len=33;;;
170;8.242.162;;8.242.162;8.242.612;450;;-205;245;450;;;;;;;;;;;;;;;192.168.1.16;74.125.101.73;UDP;77;63885  >  443 Len=35;;;
171;8.242.612;;8.242.612;8.242.857;245;;-73;172;245;;;;;;;;;;;;;;;192.168.1.16;74.125.101.73;UDP;75;63885  >  443 Len=33;;;
172;8.242.857;;8.242.857;8.243.029;172;;1;173;172;;;;;;;;;;;;;;;192.168.1.16;74.125.101.73;UDP;77;63885  >  443 Len=35;;;
173;8.243.029;;8.243.029;8.243.202;173;;-22;151;173;;;;;;;;;;;;;;;192.168.1.16;74.125.101.73;UDP;77;63885  >  443 Len=35;;;
174;8.243.202;;8.243.202;8.243.353;151;;-8;143;151;;;;;;;;;;;;;;;192.168.1.16;74.125.101.73;UDP;77;63885  >  443 Len=35;;;
175;8.243.353;;8.243.353;8.243.496;143;;9;152;143;;;;;;;;;;;;;;;192.168.1.16;74.125.101.73;UDP;75;63885  >  443 Len=33;;;
176;8.243.496;;8.243.496;8.243.648;152;;7;159;152;;;;;;;;;;;;;;;192.168.1.16;74.125.101.73;UDP;77;63885  >  443 Len=35;;;
177;8.243.648;;8.243.648;8.243.807;159;;-1;158;159;;;;;;;;;;;;;;;192.168.1.16;74.125.101.73;UDP;77;63885  >  443 Len=35;;;
178;8.243.807;;8.243.807;8.243.965;158;;86;244;158;;;;;;;;;;;;;;;192.168.1.16;74.125.101.73;UDP;90;63885  >  443 Len=48;;;
179;8.243.965;;8.243.965;8.244.209;244;;-66;178;244;;;;;;;;;;;;;;;192.168.1.16;74.125.101.73;UDP;75;63885  >  443 Len=33;;;
180;8.244.209;;8.244.209;8.244.387;178;;-27;151;178;;;;;;;;;;;;;;;192.168.1.16;74.125.101.73;UDP;75;63885  >  443 Len=33;;;
181;8.244.387;;8.244.387;8.244.538;151;;22645;22.796;151;;;;;;;;;;;;;;;192.168.1.16;74.125.101.73;UDP;77;63885  >  443 Len=35;;;
182;8.244.538;;8.244.538;8.267.334;22796;;168971;191.767;22796;;;;;;;;;;;;;;;192.168.1.16;74.125.101.73;UDP;75;63885  >  443 Len=33;;;
183;8.267.334;;8.267.334;8.459.101;191767;;-160807;30.960;191767;;;;;;;;;;;;;;;74.125.101.73;192.168.1.16;UDP;68;443  >  63885 Len=26;;;
184;8.459.101;;8.459.101;8.490.061;30960;;19237;50.197;30960;;;;;;;;;;;;;;;192.168.1.16;40.119.211.203;TLSv1.2;98;Application Data;;;
185;8.490.061;;8.490.061;8.540.258;50197;;447411;497.608;50197;;;;;;;;;;;;;;;40.119.211.203;192.168.1.16;TLSv1.2;229;Application Data;;;
186;8.540.258;;8.540.258;9.037.866;497608;;-497531;77;497608;;;;;;;;;;;;;;;192.168.1.16;40.119.211.203;TCP;54;50280  >  443 [ACK] Seq=45 Ack=176 Win=258 Len=0;;;
187;9.037.866;;9.037.866;9.037.943;77;;1042388;1.042.465;77;;;;;;;;;;;;;;;zte_97:b2:1e;IntelCor_4e:37:0c;ARP;42;Who has 192.168.1.16? Tell 192.168.1.1;;;
188;9.037.943;;9.037.943;10.080.408;1042465;;1656020;2.698.485;1042465;;;;;;;;;;;;;;;IntelCor_4e:37:0c;zte_97:b2:1e;ARP;42;192.168.1.16 is at f8:94:c2:4e:37:0c;;;
189;10.080.408;;10.080.408;12.778.893;2698485;;-1687462;1.011.023;2698485;;;;;;;;;;;;;;;fe80::1;ff02::1;ICMPv6;110;Router Advertisement from c8:5a:9f:97:b2:1e;;;
190;12.778.893;;12.778.893;13.789.916;1011023;;182;1.011.205;1011023;;;;;;;;;;;;;;;192.168.1.16;239.255.255.250;SSDP;216;M-SEARCH * HTTP/1.1 ;;;
191;13.789.916;;13.789.916;14.801.121;1011205;;;;;;;;;;;;;;;;;;;;;;192.168.1.16;239.255.255.250;SSDP;216;M-SEARCH * HTTP/1.1 
192;14.801.121;;;;;;;Total Jitter;13.789.916;;;;;;;;;;;;;;;;;;192.168.1.16;239.255.255.250;SSDP;216;M-SEARCH * HTTP/1.1 
;;;;total delay;14801121;;;Rata rata jitter;72198,51309;;;;;;;;;;;;;;;;;;;;;;
;;;;rata rata delay;77492,7801;;;;;;;;;;;;;;;;;;;;;;;;;;
